{
  "fg": {
    "default": {
      "value": "{colors.black}",
      "type": "color"
    },
    "muted": {
      "value": "{colors.gray.700}",
      "type": "color"
    },
    "subtle": {
      "value": "{colors.gray.500}",
      "type": "color"
    }
  },
  "bg": {
    "default": {
      "value": "{colors.white}",
      "type": "color"
    },
    "muted": {
      "value": "{colors.gray.100}",
      "type": "color"
    },
    "subtle": {
      "value": "{colors.gray.200}",
      "type": "color"
    }
  },
  "accent": {
    "default": {
      "value": "{colors.indigo.400}",
      "type": "color"
    },
    "onAccent": {
      "value": "{colors.white}",
      "type": "color"
    },
    "bg": {
      "value": "{colors.indigo.200}",
      "type": "color"
    }
  },
  "shadows": {
    "default": {
      "value": "{colors.gray.900}",
      "type": "color"
    }
  }
}